Workbook

Sheet Inputs & Fluxos
A1: NTN-F F31 — Fluxos de Caixa, KRD e DV01
A3: INPUTS (edite aqui)
A4: TIR (% a.a.) | B4: 13.8
A5: Quantidade | B5: 2000
A6: Cupom a.a. (%) | B6: 10
A7: Cup Semestral (%) | B7: =((1+B6/100)^0.5-1)*100
A8: PU (R$/un) | B8: =D23
A9: DV01 Total (R$) | B9: =I23
A10: D.Mac (anos) | B10: =F23
A12: Fluxo | B12: DU | C12: FC (R$/un) | D12: PV (R$/un) | E12: Peso (%) | F12: KRD (anos) | G12: D.Mod Fluxo | H12: DV01/un (R$) | I12: DV01 Total (R$)
A13: Cupom 1 | B13: 39 | C13: =B$7/100*1000 | D13: =C13/(1+B$4/100)^(B13/252) | E13: =D13/SUM(D$13:D$22)*100 | F13: =(B13/252)*(E13/100) | G13: =F13/(1+B$4/100) | H13: =G13*D13*0.0001 | I13: =H13*B$5
A14: Cupom 2 | B14: 166 | C14: =B$7/100*1000 | D14: =C14/(1+B$4/100)^(B14/252) | E14: =D14/SUM(D$13:D$22)*100 | F14: =(B14/252)*(E14/100) | G14: =F14/(1+B$4/100) | H14: =G14*D14*0.0001 | I14: =H14*B$5
A15: Cupom 3 | B15: 291 | C15: =B$7/100*1000 | D15: =C15/(1+B$4/100)^(B15/252) | E15: =D15/SUM(D$13:D$22)*100 | F15: =(B15/252)*(E15/100) | G15: =F15/(1+B$4/100) | H15: =G15*D15*0.0001 | I15: =H15*B$5
A16: Cupom 4 | B16: 418 | C16: =B$7/100*1000 | D16: =C16/(1+B$4/100)^(B16/252) | E16: =D16/SUM(D$13:D$22)*100 | F16: =(B16/252)*(E16/100) | G16: =F16/(1+B$4/100) | H16: =G16*D16*0.0001 | I16: =H16*B$5
A17: Cupom 5 | B17: 543 | C17: =B$7/100*1000 | D17: =C17/(1+B$4/100)^(B17/252) | E17: =D17/SUM(D$13:D$22)*100 | F17: =(B17/252)*(E17/100) | G17: =F17/(1+B$4/100) | H17: =G17*D17*0.0001 | I17: =H17*B$5
A18: Cupom 6 | B18: 670 | C18: =B$7/100*1000 | D18: =C18/(1+B$4/100)^(B18/252) | E18: =D18/SUM(D$13:D$22)*100 | F18: =(B18/252)*(E18/100) | G18: =F18/(1+B$4/100) | H18: =G18*D18*0.0001 | I18: =H18*B$5
A19: Cupom 7 | B19: 795 | C19: =B$7/100*1000 | D19: =C19/(1+B$4/100)^(B19/252) | E19: =D19/SUM(D$13:D$22)*100 | F19: =(B19/252)*(E19/100) | G19: =F19/(1+B$4/100) | H19: =G19*D19*0.0001 | I19: =H19*B$5
A20: Cupom 8 | B20: 922 | C20: =B$7/100*1000 | D20: =C20/(1+B$4/100)^(B20/252) | E20: =D20/SUM(D$13:D$22)*100 | F20: =(B20/252)*(E20/100) | G20: =F20/(1+B$4/100) | H20: =G20*D20*0.0001 | I20: =H20*B$5
A21: Cupom 9 | B21: 1047 | C21: =B$7/100*1000 | D21: =C21/(1+B$4/100)^(B21/252) | E21: =D21/SUM(D$13:D$22)*100 | F21: =(B21/252)*(E21/100) | G21: =F21/(1+B$4/100) | H21: =G21*D21*0.0001 | I21: =H21*B$5
A22: Principal+Cupom | B22: 1174 | C22: =(1+B$7/100)*1000 | D22: =C22/(1+B$4/100)^(B22/252) | E22: =D22/SUM(D$13:D$22)*100 | F22: =(B22/252)*(E22/100) | G22: =F22/(1+B$4/100) | H22: =G22*D22*0.0001 | I22: =H22*B$5
A23: TOTAL | D23: =SUM(D13:D22) | E23: =SUM(E13:E22) | F23: =SUM(F13:F22) | I23: =SUM(I13:I22)

Sheet Hedge
A1: Hedge NTN-F com DI1 — 3 Modalidades
A3: DI1 Taxa (% a.a.) | B3: 13.65
A4: DV01 Total NTN-F | B4: ='Inputs & Fluxos'!B9
A5: D.Mac NTN-F (anos) | B5: ='Inputs & Fluxos'!B10
A6: DU Vencimento | B6: ='Inputs & Fluxos'!B22
A7: DU Duration | B7: =ROUND(B5*252,0)
A9: Modalidade | B9: Vértice DI1 (DU) | C9: DV01/contrato | D9: Contratos | E9: Residual após adotar | F9: Obs
A10: 1. No Vencimento | B10: =B6 | C10: =(B10/252)/(1+B3/100)*(100000/(1+B3/100)^(B10/252))*0.0001 | D10: =ROUND(B4/C10,0) | E10: =B4-D10*C10 | F10: Aproximação — descasa duration
A11: 2. Na Duration | B11: =B7 | C11: =(B11/252)/(1+B3/100)*(100000/(1+B3/100)^(B11/252))*0.0001 | D11: =ROUND(B4/C11,0) | E11: =B4-D11*C11 | F11: DV01 match no prazo médio — shifts paralelos OK
A12: 3. Strip (Perfeito) | B12: por fluxo | D12: =SUM(G16:G25) | E12: =B4-SUMPRODUCT(F16:F25,G16:G25) | F12: 1 DI1 por fluxo — elimina slope/curvatura/convexidade
A14: Detalhamento Strip — DI1 por fluxo
A15: Fluxo | B15: DU | C15: DV01 Fluxo (R$) | D15: PU DI1 (R$) | E15: DV01 DI1/un | F15: DV01/contrato DI1 | G15: Contratos DI1
A16: ='Inputs & Fluxos'!A13 | B16: ='Inputs & Fluxos'!B13 | C16: ='Inputs & Fluxos'!I13 | D16: =100000/(1+B$3/100)^(B16/252) | E16: =(B16/252)/(1+B$3/100)*D16*0.0001 | F16: =E16 | G16: =ROUND(C16/F16,0)
A17: ='Inputs & Fluxos'!A14 | B17: ='Inputs & Fluxos'!B14 | C17: ='Inputs & Fluxos'!I14 | D17: =100000/(1+B$3/100)^(B17/252) | E17: =(B17/252)/(1+B$3/100)*D17*0.0001 | F17: =E17 | G17: =ROUND(C17/F17,0)
A18: ='Inputs & Fluxos'!A15 | B18: ='Inputs & Fluxos'!B15 | C18: ='Inputs & Fluxos'!I15 | D18: =100000/(1+B$3/100)^(B18/252) | E18: =(B18/252)/(1+B$3/100)*D18*0.0001 | F18: =E18 | G18: =ROUND(C18/F18,0)
A19: ='Inputs & Fluxos'!A16 | B19: ='Inputs & Fluxos'!B16 | C19: ='Inputs & Fluxos'!I16 | D19: =100000/(1+B$3/100)^(B19/252) | E19: =(B19/252)/(1+B$3/100)*D19*0.0001 | F19: =E19 | G19: =ROUND(C19/F19,0)
A20: ='Inputs & Fluxos'!A17 | B20: ='Inputs & Fluxos'!B17 | C20: ='Inputs & Fluxos'!I17 | D20: =100000/(1+B$3/100)^(B20/252) | E20: =(B20/252)/(1+B$3/100)*D20*0.0001 | F20: =E20 | G20: =ROUND(C20/F20,0)
A21: ='Inputs & Fluxos'!A18 | B21: ='Inputs & Fluxos'!B18 | C21: ='Inputs & Fluxos'!I18 | D21: =100000/(1+B$3/100)^(B21/252) | E21: =(B21/252)/(1+B$3/100)*D21*0.0001 | F21: =E21 | G21: =ROUND(C21/F21,0)
A22: ='Inputs & Fluxos'!A19 | B22: ='Inputs & Fluxos'!B19 | C22: ='Inputs & Fluxos'!I19 | D22: =100000/(1+B$3/100)^(B22/252) | E22: =(B22/252)/(1+B$3/100)*D22*0.0001 | F22: =E22 | G22: =ROUND(C22/F22,0)
A23: ='Inputs & Fluxos'!A20 | B23: ='Inputs & Fluxos'!B20 | C23: ='Inputs & Fluxos'!I20 | D23: =100000/(1+B$3/100)^(B23/252) | E23: =(B23/252)/(1+B$3/100)*D23*0.0001 | F23: =E23 | G23: =ROUND(C23/F23,0)
A24: ='Inputs & Fluxos'!A21 | B24: ='Inputs & Fluxos'!B21 | C24: ='Inputs & Fluxos'!I21 | D24: =100000/(1+B$3/100)^(B24/252) | E24: =(B24/252)/(1+B$3/100)*D24*0.0001 | F24: =E24 | G24: =ROUND(C24/F24,0)
A25: ='Inputs & Fluxos'!A22 | B25: ='Inputs & Fluxos'!B22 | C25: ='Inputs & Fluxos'!I22 | D25: =100000/(1+B$3/100)^(B25/252) | E25: =(B25/252)/(1+B$3/100)*D25*0.0001 | F25: =E25 | G25: =ROUND(C25/F25,0)

Sheet Cenários P&L
A1: Cenários de Curva — P&L NTN-F vs DI1 no Vencimento
A3: Fórmulas de choque (21 DU = curto, 2520 DU = longo):
A4: Parallel: Δ = magnitude (uniforme em todos os DUs)
A5: Steepener: Δ = mag × (DU-21)/(2520-21)
A6: Flattener: Δ = mag × (1 - (DU-21)/(2520-21))
A8: Cenário | B8: Mag (bps) | C8: P&L NTN-F (R$) | D8: P&L DI1 Vcto (R$) | E8: P&L Total (R$) | F8: P&L se Strip (≈0) | G8: Custo Mismatch (R$) | H8: Risco
A9: Bear Parallel +10 | B9: 10 | C9: =-SUMPRODUCT('Inputs & Fluxos'!I13:'Inputs & Fluxos'!I22)*B9 | D9: ='Hedge'!D10*'Hedge'!C10*B9 | E9: =C9+D9 | F9: 0 | G9: =E9-F9 | H9: OK (DV01 match)
A10: Bear Parallel +50 | B10: 50 | C10: =-SUMPRODUCT('Inputs & Fluxos'!I13:'Inputs & Fluxos'!I22)*B10 | D10: ='Hedge'!D10*'Hedge'!C10*B10 | E10: =C10+D10 | F10: 0 | G10: =E10-F10 | H10: OK (DV01 match)
A11: Bull Parallel -50 | B11: -50 | C11: =-SUMPRODUCT('Inputs & Fluxos'!I13:'Inputs & Fluxos'!I22)*B11 | D11: ='Hedge'!D10*'Hedge'!C10*B11 | E11: =C11+D11 | F11: 0 | G11: =E11-F11 | H11: OK (DV01 match)
A12: Bear Steepener +30 | B12: 30 | C12: =-SUMPRODUCT('Inputs & Fluxos'!I13:'Inputs & Fluxos'!I22,('Inputs & Fluxos'!B13:'Inputs & Fluxos'!B22-21)/(2520-21))*B12 | D12: ='Hedge'!D10*'Hedge'!C10*B12*('Hedge'!B10-21)/(2520-21) | E12: =C12+D12 | F12: 0 | G12: =E12-F12 | H12: RISCO SLOPE
A13: Bear Flattener +30 | B13: 30 | C13: =-SUMPRODUCT('Inputs & Fluxos'!I13:'Inputs & Fluxos'!I22,(1-('Inputs & Fluxos'!B13:'Inputs & Fluxos'!B22-21)/(2520-21)))*B13 | D13: ='Hedge'!D10*'Hedge'!C10*B13*(1-('Hedge'!B10-21)/(2520-21)) | E13: =C13+D13 | F13: 0 | G13: =E13-F13 | H13: RISCO SLOPE
